<?xml version="1.0" encoding="UTF-8"?>
<beans:beans xmlns="http://www.springframework.org/schema/mvc"
	xmlns:xsi="http://www.w3.org/2001/XMLSchema-instance"
	xmlns:beans="http://www.springframework.org/schema/beans"
	xmlns:context="http://www.springframework.org/schema/context"
	xsi:schemaLocation="http://www.springframework.org/schema/mvc https://www.springframework.org/schema/mvc/spring-mvc.xsd
		http://www.springframework.org/schema/beans https://www.springframework.org/schema/beans/spring-beans.xsd
		http://www.springframework.org/schema/context https://www.springframework.org/schema/context/spring-context.xsd">

	<!-- DispatcherServlet Context: defines this servlet's request-processing infrastructure -->
	
	<!-- Enables the Spring MVC @Controller programming model -->
	<annotation-driven />

	<!-- 리소스 설정 -->
	<!-- mapping : 가상 경로(상대경로), location : 리소스가 실제로 저장된 경로 -->
	<!-- Handles HTTP GET requests for /resources/** by efficiently serving up static resources in the ${webappRoot}/resources directory -->
	<resources mapping="/resources/**" location="/resources/" />
	<resources mapping="/js/**" location="/resources/js/" />
	<resources mapping="/css/**" location="/resources/css/" />
	

	<!-- Resolves views selected for rendering by @Controllers to .jsp resources in the /WEB-INF/views directory -->
	<beans:bean class="org.springframework.web.servlet.view.InternalResourceViewResolver">
		<beans:property name="prefix" value="/WEB-INF/views/" /><!--경로-->
		<beans:property name="suffix" value=".jsp" /><!--확장자-->
	</beans:bean>
	
	<context:component-scan base-package="com.project.bling.controller" />
	<context:component-scan base-package="com.project.bling.service" />
	<context:component-scan base-package="com.project.bling.dao" />
	
	<context:annotation-config />
	<!-- 스프링 프레임워크가 쓰는 시스템의 정보를 쓴다-->
	
	<!-- 파일 업로드 객체 설정 --> 
	<beans:bean id="multipartResolver" class="org.springframework.web.multipart.commons.CommonsMultipartResolver">
		<beans:property name="maxUploadSize" value="10485760"/><!-- 10MB -->
		<beans:property name="defaultEncoding" value="utf-8" />
	</beans:bean>
	
	<!-- 인터셉터 bean 설정 -->
	<!-- 사용자 세션체크 bean -->
	<beans:bean id="loginInterceptor" class="com.project.bling.interceptor.LoginInterceptor"/>
	<!-- 관리자 세션체크 bean -->
	<beans:bean id="adminInterceptor" class="com.project.bling.interceptor.AdminInterceptor"/>
	<!-- 인터셉터 매핑정보 -->
	<interceptors>
		<!-- 관리자 세션체크 매핑-->
		<interceptor>
			<mapping path="/Admin/main.do"/>
			<mapping path="/Admin/list.do"/>
			<mapping path="/Admin/regist.do"/>
			<mapping path="/Admin/registPro.do"/>
			<mapping path="/Admin/insertOpt.do"/>
			<mapping path="/Admin/insertImg.do"/>
			<mapping path="/Admin/login.do"/>
			<beans:ref bean="adminInterceptor"/>
		</interceptor>
		<!-- 사용자 세션체크 매핑 -->
		<interceptor>
			<mapping path="/MyPage/main.do"/>
			<mapping path="/Basket/cart.do"/>
			<beans:ref bean="loginInterceptor"/>
		</interceptor>
	</interceptors>
	
	
</beans:beans>
