<?xml version="1.0" encoding="UTF-8"?>
<beans xmlns="http://www.springframework.org/schema/beans"
	xmlns:xsi="http://www.w3.org/2001/XMLSchema-instance"
	xsi:schemaLocation="http://www.springframework.org/schema/beans https://www.springframework.org/schema/beans/spring-beans.xsd">
	
	<!-- 주로 데이터베이스 설정을 쓴다. -->
	
	<!-- Root Context: defines shared resources visible to all other web components -->
	<bean id="dataSource" class="org.springframework.jdbc.datasource.DriverManagerDataSource">
		<property name="driverClassName"  value="oracle.jdbc.driver.OracleDriver" />
		<property name="url"  value="jdbc:oracle:thin:@192.168.0.77:1521:xe" />
		<!-- 오라클 사용자 이름 -->
		<property name="username" value="system" />
		<!-- 오라클 사용자 비밀번호 -->
		<property name="password" value="darkcorea" />
	</bean>  
	
	<!-- MyBatis 객체 등록 -->
	<bean id="sqlSessionFactory" class="org.mybatis.spring.SqlSessionFactoryBean"> 
		<property name="dataSource" ref="dataSource" />
		<property name="configLocation" value="classpath:mybatis-config.xml" /> 
		<property name="mapperLocations" value="classpath:mappers/**/*Mapper.xml"/> 
	</bean> 
	 <bean id="sqlSession" class="org.mybatis.spring.SqlSessionTemplate" destroy-method="clearCache"> <!-- 쿼리 실행시 사용하는 객체. -->
        <constructor-arg name="sqlSessionFactory" ref="sqlSessionFactory"></constructor-arg>
    </bean>	
</beans>